satellite,time-per-sat
0,1.0200000000000002
1,2.404
2,66.363
3,38.233000000000004
4,4.810999999999999
5,1.9999999999999998
6,70.597
7,51.202999999999996
8,39.998
9,28.689000000000004
