satellite,time-per-sat
0,1.0280000000000002
1,2.387
2,66.468
3,38.342
4,4.796
5,1.9999999999999998
6,70.78
7,51.24199999999999
8,39.548
9,28.534000000000002
