satellite,time-per-sat
0,1.028
1,2.3679999999999994
2,66.571
3,38.292
4,4.8069999999999995
5,1.9999999999999998
6,70.70899999999999
7,51.368
8,39.694
9,28.496
