satellite,time-per-sat
0,1.032
1,2.393
2,66.49699999999999
3,38.333999999999996
4,4.838
5,1.9999999999999998
6,70.7
7,51.352999999999994
8,39.647
9,28.343
