satellite,time-per-sat
0,1.0180000000000002
1,2.412
2,66.366
3,38.473000000000006
4,4.847
5,1.9999999999999998
6,70.713
7,51.418000000000006
8,40.266999999999996
9,28.517999999999997
