satellite,time-per-sat
0,1.0200000000000002
1,2.4149999999999996
2,66.66499999999999
3,38.429
4,4.836
5,1.9999999999999998
6,70.933
7,51.407000000000004
8,39.744
9,28.543000000000003
