satellite,time-per-sat
0,1.0270000000000001
1,2.4
2,66.61200000000001
3,38.225
4,4.796999999999999
5,1.9999999999999998
6,70.881
7,51.353
8,39.733000000000004
9,28.549000000000003
