satellite,total_consume
0,1865.0321
1,4438.0323
2,117135.85
3,69980.67869999999
4,8643.288300000002
5,2897.5229999999997
6,128367.963
7,93632.61279999999
8,70770.4534
9,50954.51290000001
