satellite,total_consume
0,1852.9005000000002
1,4456.2163
2,118209.16
3,70551.27334
4,8636.2457
5,2890.329
6,128122.41899999998
7,93647.84500000002
8,72066.09590000001
9,50345.727
