satellite,total_consume
0,1866.0381999999995
1,4503.1808
2,118334.70999999999
3,70304.89628
4,8687.939900000001
5,2913.361
6,128569.932
7,93937.2652
8,71240.70939999998
9,50861.03220000001
